<keymap version="1" name="Eclipse copy" parent="Eclipse">
  <action id="$Copy">
    <keyboard-shortcut first-keystroke="meta c" />
    <keyboard-shortcut first-keystroke="ctrl c" />
  </action>
  <action id="$Cut">
    <keyboard-shortcut first-keystroke="ctrl x" />
    <keyboard-shortcut first-keystroke="shift delete" />
    <keyboard-shortcut first-keystroke="meta x" />
  </action>
  <action id="$Paste">
    <keyboard-shortcut first-keystroke="meta v" />
    <keyboard-shortcut first-keystroke="ctrl v" />
  </action>
  <action id="$Redo">
    <keyboard-shortcut first-keystroke="meta y" />
  </action>
  <action id="$SelectAll">
    <keyboard-shortcut first-keystroke="meta a" />
  </action>
  <action id="$Undo">
    <keyboard-shortcut first-keystroke="meta z" />
  </action>
  <action id="Android.SyncProject">
    <keyboard-shortcut first-keystroke="f5" />
  </action>
  <action id="ChangesView.SetDefault" />
  <action id="CloseActiveTab" />
  <action id="CloseContent">
    <keyboard-shortcut first-keystroke="meta w" />
    <keyboard-shortcut first-keystroke="ctrl w" />
  </action>
  <action id="CodeCompletion" />
  <action id="CommentByLineComment">
    <keyboard-shortcut first-keystroke="ctrl slash" />
    <keyboard-shortcut first-keystroke="meta slash" />
  </action>
  <action id="CompareTwoFiles" />
  <action id="CopyPaths" />
  <action id="CopyReference" />
  <action id="Diff.ShowDiff" />
  <action id="DuplicatesForm.SendToLeft" />
  <action id="Editor Copy">
    <keyboard-shortcut first-keystroke="meta c" />
    <keyboard-shortcut first-keystroke="ctrl c" />
  </action>
  <action id="Editor Cut">
    <keyboard-shortcut first-keystroke="meta x" />
  </action>
  <action id="Editor Paste">
    <keyboard-shortcut first-keystroke="meta v" />
    <keyboard-shortcut first-keystroke="ctrl v" />
  </action>
  <action id="Editor Redo">
    <keyboard-shortcut first-keystroke="meta y" />
  </action>
  <action id="Editor SelectAll">
    <keyboard-shortcut first-keystroke="meta a" />
  </action>
  <action id="Editor Undo">
    <keyboard-shortcut first-keystroke="meta z" />
  </action>
  <action id="EditorDeleteLine">
    <keyboard-shortcut first-keystroke="meta d" />
    <keyboard-shortcut first-keystroke="ctrl d" />
  </action>
  <action id="EditorDuplicate">
    <keyboard-shortcut first-keystroke="alt d" />
  </action>
  <action id="EditorToggleCase">
    <keyboard-shortcut first-keystroke="alt u" />
  </action>
  <action id="ExportToTextFile" />
  <action id="FileChooser.GotoDesktop" />
  <action id="FileChooser.GotoHome" />
  <action id="FileStructurePopup">
    <keyboard-shortcut first-keystroke="meta o" />
    <keyboard-shortcut first-keystroke="ctrl o" />
  </action>
  <action id="Find">
    <keyboard-shortcut first-keystroke="meta k" />
    <keyboard-shortcut first-keystroke="ctrl k" />
  </action>
  <action id="FindInPath">
    <keyboard-shortcut first-keystroke="ctrl h" />
    <keyboard-shortcut first-keystroke="meta i" />
  </action>
  <action id="FindNext">
    <keyboard-shortcut first-keystroke="meta k" />
    <keyboard-shortcut first-keystroke="ctrl k" />
  </action>
  <action id="Generate">
    <keyboard-shortcut first-keystroke="alt x" />
  </action>
  <action id="GotoBookmark1" />
  <action id="GotoDeclaration">
    <keyboard-shortcut first-keystroke="f3" />
    <mouse-shortcut keystroke="control button1" />
    <keyboard-shortcut first-keystroke="f6" />
  </action>
  <action id="GotoLine">
    <keyboard-shortcut first-keystroke="meta l" />
    <keyboard-shortcut first-keystroke="ctrl l" />
  </action>
  <action id="IgnoreChoicesGroup">
    <keyboard-shortcut first-keystroke="alt i" />
  </action>
  <action id="MethodDown" />
  <action id="MethodUp" />
  <action id="OptimizeImports">
    <keyboard-shortcut first-keystroke="alt o" />
  </action>
  <action id="ReformatCode">
    <keyboard-shortcut first-keystroke="alt f" />
  </action>
  <action id="Run">
    <keyboard-shortcut first-keystroke="alt r" />
  </action>
  <action id="SendEOF" />
  <action id="ShowIntentionActions">
    <keyboard-shortcut first-keystroke="alt enter" />
    <keyboard-shortcut first-keystroke="shift alt j" />
    <keyboard-shortcut first-keystroke="ctrl 1" />
    <keyboard-shortcut first-keystroke="meta 1" />
  </action>
  <action id="StepInto" />
  <action id="StepOver" />
  <action id="Unwrap" />
  <action id="openAssertEqualsDiff" />
</keymap>