<keymap version="1" name="Mac OS X 10.5+ copy" parent="Mac OS X 10.5+">
  <action id="ActivateProjectToolWindow" />
  <action id="Back">
    <keyboard-shortcut first-keystroke="alt left" />
  </action>
  <action id="CheckinProject" />
  <action id="DuplicatesForm.SendToLeft" />
  <action id="EditorNextWord" />
  <action id="EditorPreviousWord" />
  <action id="FileChooser.GotoHome" />
  <action id="FileStructurePopup">
    <keyboard-shortcut first-keystroke="meta o" />
  </action>
  <action id="Find">
    <keyboard-shortcut first-keystroke="meta k" />
  </action>
  <action id="FindInPath">
    <keyboard-shortcut first-keystroke="meta i" />
    <keyboard-shortcut first-keystroke="meta u" />
  </action>
  <action id="FindNext">
    <keyboard-shortcut first-keystroke="meta k" />
  </action>
  <action id="Forward">
    <keyboard-shortcut first-keystroke="alt right" />
  </action>
  <action id="GotoChangedFile" />
  <action id="GotoClass" />
  <action id="GotoSuperMethod" />
  <action id="ShowIntentionActions">
    <keyboard-shortcut first-keystroke="alt enter" />
    <keyboard-shortcut first-keystroke="meta 1" />
  </action>
</keymap>