<keymap version="1" name="Mac OS X 10.5+ copy" parent="Mac OS X 10.5+">
  <action id="ActivateProjectToolWindow" />
  <action id="Back">
    <keyboard-shortcut first-keystroke="alt left" />
  </action>
  <action id="CheckinProject" />
  <action id="CloseProject">
    <keyboard-shortcut first-keystroke="alt w" />
  </action>
  <action id="DuplicatesForm.SendToLeft" />
  <action id="EditorNextWord" />
  <action id="EditorPreviousWord" />
  <action id="FileChooser.GotoHome" />
  <action id="FileStructurePopup">
    <keyboard-shortcut first-keystroke="meta o" />
  </action>
  <action id="Find">
    <keyboard-shortcut first-keystroke="meta k" />
  </action>
  <action id="FindInPath">
    <keyboard-shortcut first-keystroke="meta i" />
    <keyboard-shortcut first-keystroke="meta u" />
  </action>
  <action id="FindNext">
    <keyboard-shortcut first-keystroke="meta k" />
  </action>
  <action id="Forward">
    <keyboard-shortcut first-keystroke="alt right" />
  </action>
  <action id="GotoChangedFile" />
  <action id="GotoClass" />
  <action id="GotoDeclaration">
    <keyboard-shortcut first-keystroke="meta b" />
    <mouse-shortcut keystroke="meta button1" />
    <mouse-shortcut keystroke="button2" />
    <keyboard-shortcut first-keystroke="f6" />
    <keyboard-shortcut first-keystroke="meta g" />
  </action>
  <action id="GotoSuperMethod" />
  <action id="Move" />
  <action id="OptimizeImports">
    <keyboard-shortcut first-keystroke="ctrl alt o" />
    <keyboard-shortcut first-keystroke="alt o" />
  </action>
  <action id="RecentFiles" />
  <action id="ReformatCode">
    <keyboard-shortcut first-keystroke="meta alt l" />
    <keyboard-shortcut first-keystroke="alt f" />
  </action>
  <action id="RevealIn">
    <keyboard-shortcut first-keystroke="meta e" />
  </action>
  <action id="ShowIntentionActions">
    <keyboard-shortcut first-keystroke="alt enter" />
    <keyboard-shortcut first-keystroke="meta 1" />
  </action>
  <action id="SwitcherIterateItems" />
  <action id="SwitcherRecentEditedChangedToggleCheckBox" />
  <action id="Vcs.ShowMessageHistory">
    <keyboard-shortcut first-keystroke="ctrl m" />
  </action>
  <action id="android.deploy.ApplyChanges">
    <keyboard-shortcut first-keystroke="ctrl meta r" />
  </action>
  <action id="android.deploy.CodeSwap">
    <keyboard-shortcut first-keystroke="shift ctrl meta r" />
  </action>
</keymap>