<keymap version="1" name="Default copy" parent="$default">
  <action id="ActivateLogcatToolWindow">
    <keyboard-shortcut first-keystroke="alt 6" />
  </action>
  <action id="ActivateTODOToolWindow" />
  <action id="Android.SyncProject">
    <keyboard-shortcut first-keystroke="f5" />
  </action>
  <action id="Arrangement.Alias.Rule.Edit" />
  <action id="Arrangement.Alias.Rule.Match.Condition.Move.Up" />
  <action id="Arrangement.Rule.Edit" />
  <action id="Arrangement.Rule.Match.Condition.Move.Down" />
  <action id="Arrangement.Rule.Match.Condition.Move.Up" />
  <action id="Back">
    <keyboard-shortcut first-keystroke="alt left" />
  </action>
  <action id="ChangesView.Diff" />
  <action id="CheckinProject" />
  <action id="ChoosePrevSubsequentPropertyValueEditorAction" />
  <action id="CleanGradleProject">
    <keyboard-shortcut first-keystroke="f12" />
  </action>
  <action id="CloseAllEditorsButActive">
    <keyboard-shortcut first-keystroke="shift ctrl w" />
  </action>
  <action id="CloseContent">
    <keyboard-shortcut first-keystroke="ctrl w" />
  </action>
  <action id="CodeCompletion">
    <keyboard-shortcut first-keystroke="alt slash" />
  </action>
  <action id="CompareTwoFiles" />
  <action id="ContextHelp" />
  <action id="CopyElement" />
  <action id="Debug">
    <keyboard-shortcut first-keystroke="f10" />
  </action>
  <action id="Debugger.EditCustomField" />
  <action id="Diff.PrevChange" />
  <action id="Diff.ShowDiff" />
  <action id="Diff.UpdatedFiles" />
  <action id="DuplicatesForm.SendToLeft" />
  <action id="EditorDeleteLine">
    <keyboard-shortcut first-keystroke="ctrl d" />
  </action>
  <action id="EditorDuplicate" />
  <action id="EditorSelectWord" />
  <action id="EditorToggleCase">
    <keyboard-shortcut first-keystroke="alt u" />
  </action>
  <action id="EditorUnSelectWord" />
  <action id="ExportSettings">
    <keyboard-shortcut first-keystroke="alt e" />
  </action>
  <action id="ExportToTextFile" />
  <action id="FileChooser.GotoDesktop" />
  <action id="FileChooser.GotoHome" />
  <action id="FileStructurePopup">
    <keyboard-shortcut first-keystroke="ctrl o" />
  </action>
  <action id="Find">
    <keyboard-shortcut first-keystroke="ctrl k" />
  </action>
  <action id="FindInPath">
    <keyboard-shortcut first-keystroke="ctrl h" />
  </action>
  <action id="FindNext">
    <keyboard-shortcut first-keystroke="ctrl k" />
  </action>
  <action id="GotoBookmark1" />
  <action id="GotoDeclaration">
    <mouse-shortcut keystroke="control button1" />
    <mouse-shortcut keystroke="button2" />
  </action>
  <action id="GotoLine">
    <keyboard-shortcut first-keystroke="ctrl l" />
  </action>
  <action id="GotoNextError" />
  <action id="HippieCompletion" />
  <action id="ImportSettings">
    <keyboard-shortcut first-keystroke="alt i" />
  </action>
  <action id="JumpToLastWindow" />
  <action id="MethodDown" />
  <action id="MethodHierarchy.OverrideMethodAction" />
  <action id="MethodUp" />
  <action id="MoveLineDown">
    <keyboard-shortcut first-keystroke="alt down" />
  </action>
  <action id="MoveLineUp">
    <keyboard-shortcut first-keystroke="alt up" />
  </action>
  <action id="OptimizeImports">
    <keyboard-shortcut first-keystroke="alt o" />
  </action>
  <action id="OverrideMethods" />
  <action id="PreviousTab" />
  <action id="Refactorings.QuickListPopupAction">
    <keyboard-shortcut first-keystroke="alt t" />
  </action>
  <action id="ReformatCode">
    <keyboard-shortcut first-keystroke="shift ctrl f" />
  </action>
  <action id="RenameElement">
    <keyboard-shortcut first-keystroke="alt r" />
  </action>
  <action id="RenameFile">
    <keyboard-shortcut first-keystroke="f2" />
  </action>
  <action id="Resume" />
  <action id="RevealIn">
    <keyboard-shortcut first-keystroke="shift ctrl o" />
  </action>
  <action id="Run">
    <keyboard-shortcut first-keystroke="f11" />
  </action>
  <action id="SendEOF" />
  <action id="ShelvedChanges.Diff" />
  <action id="ShelvedChanges.Rename" />
  <action id="ShowBookmarks">
    <keyboard-shortcut first-keystroke="alt b" />
  </action>
  <action id="ShowContent" />
  <action id="ShowIntentionActions">
    <keyboard-shortcut first-keystroke="ctrl 1" />
  </action>
  <action id="ShowSettings">
    <keyboard-shortcut first-keystroke="f1" />
  </action>
  <action id="ToggleBookmark">
    <keyboard-shortcut first-keystroke="ctrl b" />
  </action>
  <action id="TypeHierarchy" />
  <action id="TypeHierarchy.BaseOnThisType" />
  <action id="TypeHierarchyBase.BaseOnThisType" />
  <action id="Vcs.Log.FocusTextFilter" />
  <action id="Vcs.Log.ShowDiff" />
  <action id="Vcs.ReformatCommitMessage" />
  <action id="XDebugger.CopyWatch" />
  <action id="XDebugger.EditWatch" />
  <action id="XDebugger.MoveWatchDown" />
  <action id="XDebugger.MoveWatchUp" />
  <action id="XDebugger.SetValue" />
  <action id="openAssertEqualsDiff" />
</keymap>